CREATE DATABASE  IF NOT EXISTS `comfy_shop_sampling` /*!40100 DEFAULT CHARACTER SET utf8 COLLATE utf8_unicode_ci */;
USE `comfy_shop_sampling`;
-- MySQL dump 10.13  Distrib 8.0.21, for macos10.15 (x86_64)
--
-- Host: localhost    Database: comfy_shop_sampling
-- ------------------------------------------------------
-- Server version	5.7.32

/*!40101 SET @OLD_CHARACTER_SET_CLIENT=@@CHARACTER_SET_CLIENT */;
/*!40101 SET @OLD_CHARACTER_SET_RESULTS=@@CHARACTER_SET_RESULTS */;
/*!40101 SET @OLD_COLLATION_CONNECTION=@@COLLATION_CONNECTION */;
/*!50503 SET NAMES utf8 */;
/*!40103 SET @OLD_TIME_ZONE=@@TIME_ZONE */;
/*!40103 SET TIME_ZONE='+00:00' */;
/*!40014 SET @OLD_UNIQUE_CHECKS=@@UNIQUE_CHECKS, UNIQUE_CHECKS=0 */;
/*!40014 SET @OLD_FOREIGN_KEY_CHECKS=@@FOREIGN_KEY_CHECKS, FOREIGN_KEY_CHECKS=0 */;
/*!40101 SET @OLD_SQL_MODE=@@SQL_MODE, SQL_MODE='NO_AUTO_VALUE_ON_ZERO' */;
/*!40111 SET @OLD_SQL_NOTES=@@SQL_NOTES, SQL_NOTES=0 */;

--
-- Table structure for table `body_part`
--

DROP TABLE IF EXISTS `body_part`;
/*!40101 SET @saved_cs_client     = @@character_set_client */;
/*!50503 SET character_set_client = utf8mb4 */;
CREATE TABLE `body_part` (
  `id` int(11) NOT NULL AUTO_INCREMENT,
  `name` varchar(45) COLLATE utf8_unicode_ci DEFAULT NULL,
  `name_en` varchar(45) COLLATE utf8_unicode_ci DEFAULT NULL,
  `zone` varchar(45) COLLATE utf8_unicode_ci DEFAULT NULL,
  PRIMARY KEY (`id`)
) ENGINE=InnoDB AUTO_INCREMENT=11 DEFAULT CHARSET=utf8 COLLATE=utf8_unicode_ci;
/*!40101 SET character_set_client = @saved_cs_client */;

--
-- Dumping data for table `body_part`
--

LOCK TABLES `body_part` WRITE;
/*!40000 ALTER TABLE `body_part` DISABLE KEYS */;
INSERT INTO `body_part` VALUES (1,'Cuello','Neck','Top'),(2,'Pecho','Chest','Top'),(3,'Busto','Bust','Top'),(4,'Abdomen','Belly','Top'),(5,'Cintura','Waist','Top'),(6,'Torso','Torso','Top'),(7,'Brazos','Arms','Top'),(8,'Caderas','Hip','Middle'),(9,'Muslo','Thigh','Bottom'),(10,'Piernas','Legs','Bottom');
/*!40000 ALTER TABLE `body_part` ENABLE KEYS */;
UNLOCK TABLES;

--
-- Table structure for table `body_shape_type`
--

DROP TABLE IF EXISTS `body_shape_type`;
/*!40101 SET @saved_cs_client     = @@character_set_client */;
/*!50503 SET character_set_client = utf8mb4 */;
CREATE TABLE `body_shape_type` (
  `id` int(11) NOT NULL AUTO_INCREMENT,
  `name` varchar(45) COLLATE utf8_unicode_ci DEFAULT NULL,
  `name_en` varchar(45) COLLATE utf8_unicode_ci DEFAULT NULL,
  PRIMARY KEY (`id`)
) ENGINE=InnoDB AUTO_INCREMENT=6 DEFAULT CHARSET=utf8 COLLATE=utf8_unicode_ci;
/*!40101 SET character_set_client = @saved_cs_client */;

--
-- Dumping data for table `body_shape_type`
--

LOCK TABLES `body_shape_type` WRITE;
/*!40000 ALTER TABLE `body_shape_type` DISABLE KEYS */;
INSERT INTO `body_shape_type` VALUES (1,'Regular','Average'),(2,'Redondo','Round'),(3,'Plano','Flat'),(4,'Angosto','Narrow'),(5,'Ancho','Wide');
/*!40000 ALTER TABLE `body_shape_type` ENABLE KEYS */;
UNLOCK TABLES;

--
-- Table structure for table `bra_size`
--

DROP TABLE IF EXISTS `bra_size`;
/*!40101 SET @saved_cs_client     = @@character_set_client */;
/*!50503 SET character_set_client = utf8mb4 */;
CREATE TABLE `bra_size` (
  `id` int(11) NOT NULL AUTO_INCREMENT,
  `value` varchar(45) COLLATE utf8_unicode_ci DEFAULT NULL,
  PRIMARY KEY (`id`)
) ENGINE=InnoDB AUTO_INCREMENT=11 DEFAULT CHARSET=utf8 COLLATE=utf8_unicode_ci;
/*!40101 SET character_set_client = @saved_cs_client */;

--
-- Dumping data for table `bra_size`
--

LOCK TABLES `bra_size` WRITE;
/*!40000 ALTER TABLE `bra_size` DISABLE KEYS */;
INSERT INTO `bra_size` VALUES (1,'80'),(2,'85'),(3,'90'),(4,'95'),(5,'100'),(6,'105'),(7,'110'),(8,'115'),(9,'120'),(10,'125');
/*!40000 ALTER TABLE `bra_size` ENABLE KEYS */;
UNLOCK TABLES;

--
-- Table structure for table `brand`
--

DROP TABLE IF EXISTS `brand`;
/*!40101 SET @saved_cs_client     = @@character_set_client */;
/*!50503 SET character_set_client = utf8mb4 */;
CREATE TABLE `brand` (
  `id` int(11) NOT NULL AUTO_INCREMENT,
  `name` varchar(45) COLLATE utf8_unicode_ci DEFAULT NULL,
  `contact_name` varchar(45) COLLATE utf8_unicode_ci DEFAULT NULL,
  `province` varchar(45) COLLATE utf8_unicode_ci DEFAULT NULL,
  `city` varchar(45) COLLATE utf8_unicode_ci DEFAULT NULL,
  `address` varchar(155) COLLATE utf8_unicode_ci DEFAULT NULL,
  `created_at` timestamp NULL DEFAULT NULL,
  `updated_at` timestamp NULL DEFAULT NULL,
  `deleted_at` timestamp NULL DEFAULT NULL,
  PRIMARY KEY (`id`)
) ENGINE=InnoDB DEFAULT CHARSET=utf8 COLLATE=utf8_unicode_ci;
/*!40101 SET character_set_client = @saved_cs_client */;

--
-- Dumping data for table `brand`
--

LOCK TABLES `brand` WRITE;
/*!40000 ALTER TABLE `brand` DISABLE KEYS */;
/*!40000 ALTER TABLE `brand` ENABLE KEYS */;
UNLOCK TABLES;

--
-- Table structure for table `brand_category`
--

DROP TABLE IF EXISTS `brand_category`;
/*!40101 SET @saved_cs_client     = @@character_set_client */;
/*!50503 SET character_set_client = utf8mb4 */;
CREATE TABLE `brand_category` (
  `id` int(11) NOT NULL AUTO_INCREMENT,
  `name` varchar(255) COLLATE utf8_unicode_ci DEFAULT NULL,
  `brand_id` int(11) NOT NULL,
  `category_id` int(11) NOT NULL,
  `gender_id` int(11) NOT NULL,
  `subcategory_id` int(11) DEFAULT NULL,
  `model_id` int(11) DEFAULT NULL,
  `collection_id` int(11) DEFAULT NULL,
  `created_at` timestamp NULL DEFAULT NULL,
  `updated_at` timestamp NULL DEFAULT NULL,
  `deleted_at` timestamp NULL DEFAULT NULL,
  PRIMARY KEY (`id`),
  KEY `fk_brand_category_brand1_idx` (`brand_id`),
  KEY `fk_brand_category_category1_idx` (`category_id`),
  KEY `fk_brand_category_gender1_idx` (`gender_id`),
  KEY `fk_brand_category_subcategory1_idx` (`subcategory_id`),
  KEY `fk_brand_category_collection1_idx` (`collection_id`),
  KEY `fk_brand_category_model1_idx` (`model_id`),
  CONSTRAINT `fk_brand_category_brand1` FOREIGN KEY (`brand_id`) REFERENCES `brand` (`id`) ON DELETE NO ACTION ON UPDATE NO ACTION,
  CONSTRAINT `fk_brand_category_category1` FOREIGN KEY (`category_id`) REFERENCES `category` (`id`) ON DELETE NO ACTION ON UPDATE NO ACTION,
  CONSTRAINT `fk_brand_category_collection1` FOREIGN KEY (`collection_id`) REFERENCES `collection` (`id`) ON DELETE NO ACTION ON UPDATE NO ACTION,
  CONSTRAINT `fk_brand_category_gender1` FOREIGN KEY (`gender_id`) REFERENCES `gender` (`id`) ON DELETE NO ACTION ON UPDATE NO ACTION,
  CONSTRAINT `fk_brand_category_model1` FOREIGN KEY (`model_id`) REFERENCES `model` (`id`) ON DELETE NO ACTION ON UPDATE NO ACTION,
  CONSTRAINT `fk_brand_category_subcategory1` FOREIGN KEY (`subcategory_id`) REFERENCES `subcategory` (`id`) ON DELETE NO ACTION ON UPDATE NO ACTION
) ENGINE=InnoDB DEFAULT CHARSET=utf8 COLLATE=utf8_unicode_ci;
/*!40101 SET character_set_client = @saved_cs_client */;

--
-- Dumping data for table `brand_category`
--

LOCK TABLES `brand_category` WRITE;
/*!40000 ALTER TABLE `brand_category` DISABLE KEYS */;
/*!40000 ALTER TABLE `brand_category` ENABLE KEYS */;
UNLOCK TABLES;

--
-- Table structure for table `brand_category_size_meassurement`
--

DROP TABLE IF EXISTS `brand_category_size_meassurement`;
/*!40101 SET @saved_cs_client     = @@character_set_client */;
/*!50503 SET character_set_client = utf8mb4 */;
CREATE TABLE `brand_category_size_meassurement` (
  `id` int(11) NOT NULL AUTO_INCREMENT,
  `size_id` int(11) NOT NULL,
  `meassurement_point_id` int(11) NOT NULL,
  `brand_category_id` int(11) NOT NULL,
  `meassurement` int(11) DEFAULT NULL,
  `created_at` timestamp NULL DEFAULT NULL,
  `updated_at` timestamp NULL DEFAULT NULL,
  `deleted_at` timestamp NULL DEFAULT NULL,
  PRIMARY KEY (`id`),
  KEY `fk_brand_category_size_meassurements_size1_idx` (`size_id`),
  KEY `fk_brand_category_size_meassurements_meassurement_point1_idx` (`meassurement_point_id`),
  KEY `fk_brand_category_size_meassurements_brand_category1_idx` (`brand_category_id`),
  CONSTRAINT `fk_brand_category_size_meassurements_brand_category1` FOREIGN KEY (`brand_category_id`) REFERENCES `brand_category` (`id`) ON DELETE NO ACTION ON UPDATE NO ACTION,
  CONSTRAINT `fk_brand_category_size_meassurements_meassurement_point1` FOREIGN KEY (`meassurement_point_id`) REFERENCES `meassurement_point` (`id`) ON DELETE NO ACTION ON UPDATE NO ACTION,
  CONSTRAINT `fk_brand_category_size_meassurements_size1` FOREIGN KEY (`size_id`) REFERENCES `size` (`id`) ON DELETE NO ACTION ON UPDATE NO ACTION
) ENGINE=InnoDB DEFAULT CHARSET=utf8 COLLATE=utf8_unicode_ci;
/*!40101 SET character_set_client = @saved_cs_client */;

--
-- Dumping data for table `brand_category_size_meassurement`
--

LOCK TABLES `brand_category_size_meassurement` WRITE;
/*!40000 ALTER TABLE `brand_category_size_meassurement` DISABLE KEYS */;
/*!40000 ALTER TABLE `brand_category_size_meassurement` ENABLE KEYS */;
UNLOCK TABLES;

--
-- Table structure for table `brand_collection`
--

DROP TABLE IF EXISTS `brand_collection`;
/*!40101 SET @saved_cs_client     = @@character_set_client */;
/*!50503 SET character_set_client = utf8mb4 */;
CREATE TABLE `brand_collection` (
  `id` int(11) NOT NULL AUTO_INCREMENT,
  `brand_id` int(11) NOT NULL,
  `collection_id` int(11) NOT NULL,
  `created_at` timestamp NULL DEFAULT NULL,
  `updated_at` timestamp NULL DEFAULT NULL,
  `deleted_at` timestamp NULL DEFAULT NULL,
  PRIMARY KEY (`id`),
  KEY `fk_season_brand1_idx` (`brand_id`),
  KEY `fk_brand_collection_collection1_idx` (`collection_id`),
  CONSTRAINT `fk_brand_collection_brand1` FOREIGN KEY (`brand_id`) REFERENCES `brand` (`id`) ON DELETE NO ACTION ON UPDATE NO ACTION,
  CONSTRAINT `fk_brand_collection_collection1` FOREIGN KEY (`collection_id`) REFERENCES `collection` (`id`) ON DELETE NO ACTION ON UPDATE NO ACTION
) ENGINE=InnoDB AUTO_INCREMENT=2 DEFAULT CHARSET=utf8 COLLATE=utf8_unicode_ci;
/*!40101 SET character_set_client = @saved_cs_client */;

--
-- Dumping data for table `brand_collection`
--

LOCK TABLES `brand_collection` WRITE;
/*!40000 ALTER TABLE `brand_collection` DISABLE KEYS */;
INSERT INTO `brand_collection` VALUES (1,1,1,NULL,NULL,NULL);
/*!40000 ALTER TABLE `brand_collection` ENABLE KEYS */;
UNLOCK TABLES;

--
-- Table structure for table `category`
--

DROP TABLE IF EXISTS `category`;
/*!40101 SET @saved_cs_client     = @@character_set_client */;
/*!50503 SET character_set_client = utf8mb4 */;
CREATE TABLE `category` (
  `id` int(11) NOT NULL AUTO_INCREMENT,
  `name` varchar(45) COLLATE utf8_unicode_ci DEFAULT NULL,
  PRIMARY KEY (`id`)
) ENGINE=InnoDB AUTO_INCREMENT=25 DEFAULT CHARSET=utf8 COLLATE=utf8_unicode_ci;
/*!40101 SET character_set_client = @saved_cs_client */;

--
-- Dumping data for table `category`
--

LOCK TABLES `category` WRITE;
/*!40000 ALTER TABLE `category` DISABLE KEYS */;
INSERT INTO `category` VALUES (1,'Abrigo'),(2,'Bermuda'),(3,'Blazer'),(4,'Buzo'),(5,'Calza'),(6,'Camisa'),(7,'Campera'),(8,'Chaleco'),(9,'Chaqueta'),(10,'Chomba'),(11,'Jean'),(12,'Jogging'),(13,'Mono'),(14,'Musculosa'),(15,'Pantalon'),(16,'Pollera'),(17,'Short'),(18,'Short de ba침o'),(19,'Sweater'),(20,'Top'),(21,'Traje'),(22,'Vestido'),(23,'Polera'),(24,'Remera');
/*!40000 ALTER TABLE `category` ENABLE KEYS */;
UNLOCK TABLES;

--
-- Table structure for table `collection`
--

DROP TABLE IF EXISTS `collection`;
/*!40101 SET @saved_cs_client     = @@character_set_client */;
/*!50503 SET character_set_client = utf8mb4 */;
CREATE TABLE `collection` (
  `id` int(11) NOT NULL AUTO_INCREMENT,
  `name` varchar(45) COLLATE utf8_unicode_ci DEFAULT NULL,
  `year` int(11) DEFAULT NULL,
  `start_date` datetime DEFAULT NULL,
  `end_date` datetime DEFAULT NULL,
  PRIMARY KEY (`id`)
) ENGINE=InnoDB AUTO_INCREMENT=3 DEFAULT CHARSET=utf8 COLLATE=utf8_unicode_ci;
/*!40101 SET character_set_client = @saved_cs_client */;

--
-- Dumping data for table `collection`
--

LOCK TABLES `collection` WRITE;
/*!40000 ALTER TABLE `collection` DISABLE KEYS */;
INSERT INTO `collection` VALUES (1,'Oto침o/Invierno',2021,NULL,NULL),(2,'Primavera/Verano',2021,NULL,NULL);
/*!40000 ALTER TABLE `collection` ENABLE KEYS */;
UNLOCK TABLES;

--
-- Table structure for table `gender`
--

DROP TABLE IF EXISTS `gender`;
/*!40101 SET @saved_cs_client     = @@character_set_client */;
/*!50503 SET character_set_client = utf8mb4 */;
CREATE TABLE `gender` (
  `id` int(11) NOT NULL AUTO_INCREMENT,
  `name` varchar(45) COLLATE utf8_unicode_ci DEFAULT NULL,
  PRIMARY KEY (`id`)
) ENGINE=InnoDB AUTO_INCREMENT=5 DEFAULT CHARSET=utf8 COLLATE=utf8_unicode_ci;
/*!40101 SET character_set_client = @saved_cs_client */;

--
-- Dumping data for table `gender`
--

LOCK TABLES `gender` WRITE;
/*!40000 ALTER TABLE `gender` DISABLE KEYS */;
INSERT INTO `gender` VALUES (1,'Mujer'),(2,'Hombre'),(3,'Unisex'),(4,'No Binario');
/*!40000 ALTER TABLE `gender` ENABLE KEYS */;
UNLOCK TABLES;

--
-- Table structure for table `gender_category`
--

DROP TABLE IF EXISTS `gender_category`;
/*!40101 SET @saved_cs_client     = @@character_set_client */;
/*!50503 SET character_set_client = utf8mb4 */;
CREATE TABLE `gender_category` (
  `id` int(11) NOT NULL AUTO_INCREMENT,
  `category_id` int(11) NOT NULL,
  `gender_id` int(11) NOT NULL,
  PRIMARY KEY (`id`),
  KEY `fk_gender_category_category1_idx` (`category_id`),
  KEY `fk_gender_category_gender1_idx` (`gender_id`),
  CONSTRAINT `fk_gender_category_category1` FOREIGN KEY (`category_id`) REFERENCES `category` (`id`) ON DELETE NO ACTION ON UPDATE NO ACTION,
  CONSTRAINT `fk_gender_category_gender1` FOREIGN KEY (`gender_id`) REFERENCES `gender` (`id`) ON DELETE NO ACTION ON UPDATE NO ACTION
) ENGINE=InnoDB AUTO_INCREMENT=56 DEFAULT CHARSET=utf8 COLLATE=utf8_unicode_ci;
/*!40101 SET character_set_client = @saved_cs_client */;

--
-- Dumping data for table `gender_category`
--

LOCK TABLES `gender_category` WRITE;
/*!40000 ALTER TABLE `gender_category` DISABLE KEYS */;
INSERT INTO `gender_category` VALUES (1,1,1),(2,1,2),(3,1,3),(4,2,2),(5,3,1),(6,3,2),(7,3,3),(8,4,1),(9,4,2),(10,4,3),(11,5,1),(12,5,2),(13,5,3),(14,6,1),(15,6,2),(16,6,3),(17,7,1),(18,7,2),(19,7,3),(20,8,1),(21,8,2),(22,8,3),(23,9,1),(24,9,2),(25,9,3),(26,10,1),(27,10,2),(28,10,3),(29,11,1),(30,11,2),(31,11,3),(32,12,1),(33,12,2),(34,12,3),(35,13,1),(36,14,1),(37,14,2),(38,14,3),(39,15,1),(40,15,2),(41,15,3),(42,16,1),(43,17,1),(44,17,2),(45,17,3),(46,18,2),(47,19,1),(48,19,2),(49,19,3),(50,20,1),(51,21,2),(52,22,1),(53,23,1),(54,23,2),(55,23,3);
/*!40000 ALTER TABLE `gender_category` ENABLE KEYS */;
UNLOCK TABLES;

--
-- Table structure for table `meassurement_point`
--

DROP TABLE IF EXISTS `meassurement_point`;
/*!40101 SET @saved_cs_client     = @@character_set_client */;
/*!50503 SET character_set_client = utf8mb4 */;
CREATE TABLE `meassurement_point` (
  `id` int(11) NOT NULL AUTO_INCREMENT,
  `title` varchar(45) COLLATE utf8_unicode_ci DEFAULT NULL,
  `body_part_id` int(11) NOT NULL,
  PRIMARY KEY (`id`),
  KEY `fk_meassurement_point_body_part` (`body_part_id`),
  CONSTRAINT `fk_meassurement_point_body_part` FOREIGN KEY (`body_part_id`) REFERENCES `body_part` (`id`) ON DELETE NO ACTION ON UPDATE NO ACTION
) ENGINE=InnoDB AUTO_INCREMENT=11 DEFAULT CHARSET=utf8 COLLATE=utf8_unicode_ci;
/*!40101 SET character_set_client = @saved_cs_client */;

--
-- Dumping data for table `meassurement_point`
--

LOCK TABLES `meassurement_point` WRITE;
/*!40000 ALTER TABLE `meassurement_point` DISABLE KEYS */;
INSERT INTO `meassurement_point` VALUES (1,'Contorno de cuello',1),(2,'Ancho de sisa',2),(3,'Contorno de busto',3),(4,'Contorno de cintura',5),(5,'Largo de torso',6),(6,'Largo de manga',7),(7,'Contorno de brazo',7),(8,'Contorno de caderas',8),(9,'Contorno de muslo',9),(10,'Largo de pierna',10);
/*!40000 ALTER TABLE `meassurement_point` ENABLE KEYS */;
UNLOCK TABLES;

--
-- Table structure for table `model`
--

DROP TABLE IF EXISTS `model`;
/*!40101 SET @saved_cs_client     = @@character_set_client */;
/*!50503 SET character_set_client = utf8mb4 */;
CREATE TABLE `model` (
  `id` int(11) NOT NULL AUTO_INCREMENT,
  `name` varchar(45) COLLATE utf8_unicode_ci DEFAULT NULL,
  `subcategory_id` int(11) NOT NULL,
  `category_id` int(11) NOT NULL,
  PRIMARY KEY (`id`),
  KEY `fk_model_subcategory1_idx` (`subcategory_id`),
  KEY `fk_model_category1_idx` (`category_id`),
  CONSTRAINT `fk_model_category1` FOREIGN KEY (`category_id`) REFERENCES `category` (`id`) ON DELETE NO ACTION ON UPDATE NO ACTION,
  CONSTRAINT `fk_model_subcategory1` FOREIGN KEY (`subcategory_id`) REFERENCES `subcategory` (`id`) ON DELETE NO ACTION ON UPDATE NO ACTION
) ENGINE=InnoDB DEFAULT CHARSET=utf8 COLLATE=utf8_unicode_ci;
/*!40101 SET character_set_client = @saved_cs_client */;

--
-- Dumping data for table `model`
--

LOCK TABLES `model` WRITE;
/*!40000 ALTER TABLE `model` DISABLE KEYS */;
/*!40000 ALTER TABLE `model` ENABLE KEYS */;
UNLOCK TABLES;

--
-- Table structure for table `preference`
--

DROP TABLE IF EXISTS `preference`;
/*!40101 SET @saved_cs_client     = @@character_set_client */;
/*!50503 SET character_set_client = utf8mb4 */;
CREATE TABLE `preference` (
  `id` int(11) NOT NULL AUTO_INCREMENT,
  `value` varchar(2) COLLATE utf8_unicode_ci DEFAULT NULL,
  `name` varchar(45) COLLATE utf8_unicode_ci DEFAULT NULL,
  `name_en` varchar(45) COLLATE utf8_unicode_ci DEFAULT NULL,
  `created_at` timestamp NULL DEFAULT NULL,
  `updated_at` timestamp NULL DEFAULT NULL,
  `deleted_at` timestamp NULL DEFAULT NULL,
  PRIMARY KEY (`id`)
) ENGINE=InnoDB AUTO_INCREMENT=6 DEFAULT CHARSET=utf8 COLLATE=utf8_unicode_ci;
/*!40101 SET character_set_client = @saved_cs_client */;

--
-- Dumping data for table `preference`
--

LOCK TABLES `preference` WRITE;
/*!40000 ALTER TABLE `preference` DISABLE KEYS */;
INSERT INTO `preference` VALUES (1,'S','Mas suelto','Looser',NULL,NULL,NULL),(2,'A','Mas ajustado','Tighter',NULL,NULL,NULL),(3,'R','De mi talle','My size',NULL,NULL,NULL),(4,'L','M치s largo','Longer',NULL,NULL,NULL),(5,'C','M치s corto','Shorter',NULL,NULL,NULL);
/*!40000 ALTER TABLE `preference` ENABLE KEYS */;
UNLOCK TABLES;

--
-- Table structure for table `rating`
--

DROP TABLE IF EXISTS `rating`;
/*!40101 SET @saved_cs_client     = @@character_set_client */;
/*!50503 SET character_set_client = utf8mb4 */;
CREATE TABLE `rating` (
  `id` int(11) NOT NULL AUTO_INCREMENT,
  `value` varchar(4) COLLATE utf8_unicode_ci DEFAULT NULL,
  `name` varchar(45) COLLATE utf8_unicode_ci DEFAULT NULL,
  `name_en` varchar(45) COLLATE utf8_unicode_ci DEFAULT NULL,
  PRIMARY KEY (`id`)
) ENGINE=InnoDB AUTO_INCREMENT=6 DEFAULT CHARSET=utf8 COLLATE=utf8_unicode_ci;
/*!40101 SET character_set_client = @saved_cs_client */;

--
-- Dumping data for table `rating`
--

LOCK TABLES `rating` WRITE;
/*!40000 ALTER TABLE `rating` DISABLE KEYS */;
INSERT INTO `rating` VALUES (1,'MS','Muy suelto','Very loose'),(2,'PS','Un poco suelto','A bit loose'),(3,'P','Perfecto','Perfect'),(4,'PA','Un poco ajustado','A bit tight'),(5,'MA','Muy ajustado','Very tight');
/*!40000 ALTER TABLE `rating` ENABLE KEYS */;
UNLOCK TABLES;

--
-- Table structure for table `shop`
--

DROP TABLE IF EXISTS `shop`;
/*!40101 SET @saved_cs_client     = @@character_set_client */;
/*!50503 SET character_set_client = utf8mb4 */;
CREATE TABLE `shop` (
  `id` int(11) NOT NULL AUTO_INCREMENT,
  `name` varchar(45) COLLATE utf8_unicode_ci DEFAULT NULL,
  `username` varchar(45) COLLATE utf8_unicode_ci DEFAULT NULL,
  `password` varchar(255) COLLATE utf8_unicode_ci DEFAULT NULL,
  `contact_number` varchar(45) COLLATE utf8_unicode_ci DEFAULT NULL,
  `contact_name` varchar(45) COLLATE utf8_unicode_ci DEFAULT NULL,
  `province` varchar(45) COLLATE utf8_unicode_ci DEFAULT NULL,
  `city` varchar(45) COLLATE utf8_unicode_ci DEFAULT NULL,
  `address` varchar(155) COLLATE utf8_unicode_ci DEFAULT NULL,
  `created_at` timestamp NULL DEFAULT NULL,
  `updated_at` timestamp NULL DEFAULT NULL,
  `deleted_at` timestamp NULL DEFAULT NULL,
  PRIMARY KEY (`id`)
) ENGINE=InnoDB AUTO_INCREMENT=3 DEFAULT CHARSET=utf8 COLLATE=utf8_unicode_ci;
/*!40101 SET character_set_client = @saved_cs_client */;

--
-- Dumping data for table `shop`
--

LOCK TABLES `shop` WRITE;
/*!40000 ALTER TABLE `shop` DISABLE KEYS */;
INSERT INTO `shop` VALUES (1,'testShop','test','$2a$10$BE7cFia49uvMddxlFLGNreNj/c/2hyMVdgmY4j6tnS0zaiQrvo0hi',NULL,NULL,NULL,NULL,NULL,NULL,NULL,NULL),(2,'testShop2','test2','$2a$10$BE7cFia49uvMddxlFLGNreNj/c/2hyMVdgmY4j6tnS0zaiQrvo0hi',NULL,NULL,NULL,NULL,NULL,NULL,NULL,NULL);
/*!40000 ALTER TABLE `shop` ENABLE KEYS */;
UNLOCK TABLES;

--
-- Table structure for table `shop_brand`
--

DROP TABLE IF EXISTS `shop_brand`;
/*!40101 SET @saved_cs_client     = @@character_set_client */;
/*!50503 SET character_set_client = utf8mb4 */;
CREATE TABLE `shop_brand` (
  `id` int(11) NOT NULL AUTO_INCREMENT,
  `shop_id` int(11) NOT NULL,
  `brand_id` int(11) NOT NULL,
  PRIMARY KEY (`id`),
  KEY `fk_shop_brand_shop1_idx` (`shop_id`),
  KEY `fk_shop_brand_brand1_idx` (`brand_id`),
  CONSTRAINT `fk_shop_brand_brand1` FOREIGN KEY (`brand_id`) REFERENCES `brand` (`id`) ON DELETE NO ACTION ON UPDATE NO ACTION,
  CONSTRAINT `fk_shop_brand_shop1` FOREIGN KEY (`shop_id`) REFERENCES `shop` (`id`) ON DELETE NO ACTION ON UPDATE NO ACTION
) ENGINE=InnoDB DEFAULT CHARSET=utf8 COLLATE=utf8_unicode_ci;
/*!40101 SET character_set_client = @saved_cs_client */;

--
-- Dumping data for table `shop_brand`
--

LOCK TABLES `shop_brand` WRITE;
/*!40000 ALTER TABLE `shop_brand` DISABLE KEYS */;
/*!40000 ALTER TABLE `shop_brand` ENABLE KEYS */;
UNLOCK TABLES;

--
-- Table structure for table `shop_brand_category`
--

DROP TABLE IF EXISTS `shop_brand_category`;
/*!40101 SET @saved_cs_client     = @@character_set_client */;
/*!50503 SET character_set_client = utf8mb4 */;
CREATE TABLE `shop_brand_category` (
  `id` int(11) NOT NULL AUTO_INCREMENT,
  `brand_category_id` int(11) NOT NULL,
  `shop_id` int(11) NOT NULL,
  PRIMARY KEY (`id`),
  KEY `fk_brand_category_shop_shop_id1_idx` (`shop_id`),
  KEY `fk_brand_category_shop_brand_category_id1_idx` (`brand_category_id`),
  CONSTRAINT `fk_brand_category_shop_brand_category_id1` FOREIGN KEY (`brand_category_id`) REFERENCES `brand_category` (`id`) ON DELETE NO ACTION ON UPDATE NO ACTION,
  CONSTRAINT `fk_brand_category_shop_shop_id1` FOREIGN KEY (`shop_id`) REFERENCES `shop` (`id`) ON DELETE NO ACTION ON UPDATE NO ACTION
) ENGINE=InnoDB AUTO_INCREMENT=21 DEFAULT CHARSET=utf8 COLLATE=utf8_unicode_ci;
/*!40101 SET character_set_client = @saved_cs_client */;

--
-- Dumping data for table `shop_brand_category`
--

LOCK TABLES `shop_brand_category` WRITE;
/*!40000 ALTER TABLE `shop_brand_category` DISABLE KEYS */;
INSERT INTO `shop_brand_category` VALUES (5,26,1),(6,27,1),(7,28,1),(8,29,1),(9,31,1),(10,32,2),(11,33,2),(12,34,1),(13,35,1),(14,36,1),(15,37,1),(16,38,1),(17,39,1),(18,40,1),(19,41,1),(20,42,1);
/*!40000 ALTER TABLE `shop_brand_category` ENABLE KEYS */;
UNLOCK TABLES;

--
-- Table structure for table `size`
--

DROP TABLE IF EXISTS `size`;
/*!40101 SET @saved_cs_client     = @@character_set_client */;
/*!50503 SET character_set_client = utf8mb4 */;
CREATE TABLE `size` (
  `id` int(11) NOT NULL AUTO_INCREMENT,
  `name` varchar(45) COLLATE utf8_unicode_ci DEFAULT NULL,
  `label` varchar(4) COLLATE utf8_unicode_ci DEFAULT NULL,
  PRIMARY KEY (`id`)
) ENGINE=InnoDB AUTO_INCREMENT=17 DEFAULT CHARSET=utf8 COLLATE=utf8_unicode_ci;
/*!40101 SET character_set_client = @saved_cs_client */;

--
-- Dumping data for table `size`
--

LOCK TABLES `size` WRITE;
/*!40000 ALTER TABLE `size` DISABLE KEYS */;
INSERT INTO `size` VALUES (1,'Extra Small','XS'),(2,'Small','S'),(3,'Medium','M'),(4,'Large','L'),(5,'Extra Large','XL'),(6,'Extra Extra Large','XXL'),(7,'30','30'),(8,'32','32'),(9,'34','34'),(10,'36','36'),(11,'38','38'),(12,'40','40'),(13,'42','42'),(14,'44','44'),(15,'46','46'),(16,'48',NULL);
/*!40000 ALTER TABLE `size` ENABLE KEYS */;
UNLOCK TABLES;

--
-- Table structure for table `subcategory`
--

DROP TABLE IF EXISTS `subcategory`;
/*!40101 SET @saved_cs_client     = @@character_set_client */;
/*!50503 SET character_set_client = utf8mb4 */;
CREATE TABLE `subcategory` (
  `id` int(11) NOT NULL AUTO_INCREMENT,
  `name` varchar(45) COLLATE utf8_unicode_ci DEFAULT NULL,
  `category_id` int(11) NOT NULL,
  PRIMARY KEY (`id`),
  KEY `fk_subcategory_category1` (`category_id`),
  CONSTRAINT `fk_subcategory_category1` FOREIGN KEY (`category_id`) REFERENCES `category` (`id`) ON DELETE NO ACTION ON UPDATE NO ACTION
) ENGINE=InnoDB DEFAULT CHARSET=utf8 COLLATE=utf8_unicode_ci;
/*!40101 SET character_set_client = @saved_cs_client */;

--
-- Dumping data for table `subcategory`
--

LOCK TABLES `subcategory` WRITE;
/*!40000 ALTER TABLE `subcategory` DISABLE KEYS */;
/*!40000 ALTER TABLE `subcategory` ENABLE KEYS */;
UNLOCK TABLES;

--
-- Table structure for table `survey`
--

DROP TABLE IF EXISTS `survey`;
/*!40101 SET @saved_cs_client     = @@character_set_client */;
/*!50503 SET character_set_client = utf8mb4 */;
CREATE TABLE `survey` (
  `id` int(11) NOT NULL AUTO_INCREMENT,
  `user_id` int(11) NOT NULL,
  `shop_id` int(11) NOT NULL,
  `created_at` timestamp NULL DEFAULT NULL,
  `updated_at` timestamp NULL DEFAULT NULL,
  `deleted_at` timestamp NULL DEFAULT NULL,
  PRIMARY KEY (`id`),
  KEY `fk_surveys_user2_idx` (`user_id`),
  KEY `fk_surveys_shop2_idx` (`shop_id`),
  CONSTRAINT `fk_surveys_shop2` FOREIGN KEY (`shop_id`) REFERENCES `shop` (`id`) ON DELETE NO ACTION ON UPDATE NO ACTION,
  CONSTRAINT `fk_surveys_user2` FOREIGN KEY (`user_id`) REFERENCES `user` (`id`) ON DELETE NO ACTION ON UPDATE NO ACTION
) ENGINE=InnoDB AUTO_INCREMENT=4 DEFAULT CHARSET=utf8 COLLATE=utf8_unicode_ci;
/*!40101 SET character_set_client = @saved_cs_client */;

--
-- Dumping data for table `survey`
--

LOCK TABLES `survey` WRITE;
/*!40000 ALTER TABLE `survey` DISABLE KEYS */;
/*!40000 ALTER TABLE `survey` ENABLE KEYS */;
UNLOCK TABLES;

--
-- Table structure for table `user`
--

DROP TABLE IF EXISTS `user`;
/*!40101 SET @saved_cs_client     = @@character_set_client */;
/*!50503 SET character_set_client = utf8mb4 */;
CREATE TABLE `user` (
  `id` int(11) NOT NULL AUTO_INCREMENT,
  `email` varchar(45) COLLATE utf8_unicode_ci DEFAULT NULL,
  `gender_id` int(11) NOT NULL,
  `height` int(3) DEFAULT NULL,
  `weight` int(3) DEFAULT NULL,
  `age` int(3) DEFAULT NULL,
  `bmi` int(3) DEFAULT NULL,
  `bra_size_id` int(11) DEFAULT NULL,
  `created_at` timestamp NULL DEFAULT NULL,
  `updated_at` timestamp NULL DEFAULT NULL,
  `deleted_at` timestamp NULL DEFAULT NULL,
  PRIMARY KEY (`id`),
  KEY `fk_user_gender1` (`gender_id`),
  KEY `fk_user_bra_size1_idx` (`bra_size_id`),
  CONSTRAINT `fk_user_bra_size1` FOREIGN KEY (`bra_size_id`) REFERENCES `bra_size` (`id`) ON DELETE NO ACTION ON UPDATE NO ACTION,
  CONSTRAINT `fk_user_gender1` FOREIGN KEY (`gender_id`) REFERENCES `gender` (`id`) ON DELETE NO ACTION ON UPDATE NO ACTION
) ENGINE=InnoDB AUTO_INCREMENT=3 DEFAULT CHARSET=utf8 COLLATE=utf8_unicode_ci;
/*!40101 SET character_set_client = @saved_cs_client */;

--
-- Dumping data for table `user`
--

LOCK TABLES `user` WRITE;
/*!40000 ALTER TABLE `user` DISABLE KEYS */;
INSERT INTO `user` VALUES (1,'test@gmail.com',2,175,75,23,22,NULL,NULL,NULL,NULL),(2,'test2@mail.com',1,165,70,21,24,1,NULL,NULL,NULL);
/*!40000 ALTER TABLE `user` ENABLE KEYS */;
UNLOCK TABLES;

--
-- Table structure for table `user_body_shape`
--

DROP TABLE IF EXISTS `user_body_shape`;
/*!40101 SET @saved_cs_client     = @@character_set_client */;
/*!50503 SET character_set_client = utf8mb4 */;
CREATE TABLE `user_body_shape` (
  `id` int(11) NOT NULL AUTO_INCREMENT,
  `body_shape_type_id` int(11) NOT NULL,
  `body_part_id` int(11) NOT NULL,
  `user_id` int(11) NOT NULL,
  `created_at` timestamp NULL DEFAULT NULL,
  `updated_at` timestamp NULL DEFAULT NULL,
  `deleted_at` timestamp NULL DEFAULT NULL,
  PRIMARY KEY (`id`),
  KEY `fk_user_body_shape_body_part_id1_idx` (`body_part_id`),
  KEY `fk_user_body_shape_body_shape_type_id1_idx` (`body_shape_type_id`),
  KEY `fk_user_body_shape_user_id1_idx` (`user_id`),
  CONSTRAINT `fk_user_body_shape_body_part_id1` FOREIGN KEY (`body_part_id`) REFERENCES `body_part` (`id`) ON DELETE NO ACTION ON UPDATE NO ACTION,
  CONSTRAINT `fk_user_body_shape_body_shape_type_id1` FOREIGN KEY (`body_shape_type_id`) REFERENCES `body_shape_type` (`id`) ON DELETE NO ACTION ON UPDATE NO ACTION,
  CONSTRAINT `fk_user_body_shape_user_id1` FOREIGN KEY (`user_id`) REFERENCES `user` (`id`) ON DELETE NO ACTION ON UPDATE NO ACTION
) ENGINE=InnoDB AUTO_INCREMENT=3 DEFAULT CHARSET=utf8 COLLATE=utf8_unicode_ci;
/*!40101 SET character_set_client = @saved_cs_client */;

--
-- Dumping data for table `user_body_shape`
--

LOCK TABLES `user_body_shape` WRITE;
/*!40000 ALTER TABLE `user_body_shape` DISABLE KEYS */;
/*!40000 ALTER TABLE `user_body_shape` ENABLE KEYS */;
UNLOCK TABLES;

--
-- Table structure for table `user_category_fit_preference`
--

DROP TABLE IF EXISTS `user_category_fit_preference`;
/*!40101 SET @saved_cs_client     = @@character_set_client */;
/*!50503 SET character_set_client = utf8mb4 */;
CREATE TABLE `user_category_fit_preference` (
  `id` int(11) NOT NULL AUTO_INCREMENT,
  `user_id` int(11) NOT NULL,
  `preference_id` int(11) NOT NULL,
  `category_id` int(11) NOT NULL,
  `created_at` timestamp NULL DEFAULT NULL,
  `updated_at` timestamp NULL DEFAULT NULL,
  `deleted_at` timestamp NULL DEFAULT NULL,
  PRIMARY KEY (`id`),
  KEY `fk_user_preference_user1` (`user_id`),
  KEY `fk_user_category_fit_preference_preference1_idx` (`preference_id`),
  KEY `fk_user_category_fit_preference_category1_idx` (`category_id`),
  CONSTRAINT `fk_user_category_fit_preference_category1` FOREIGN KEY (`category_id`) REFERENCES `category` (`id`) ON DELETE NO ACTION ON UPDATE NO ACTION,
  CONSTRAINT `fk_user_category_fit_preference_preference1` FOREIGN KEY (`preference_id`) REFERENCES `preference` (`id`) ON DELETE NO ACTION ON UPDATE NO ACTION,
  CONSTRAINT `fk_user_preference_user1` FOREIGN KEY (`user_id`) REFERENCES `user` (`id`) ON DELETE NO ACTION ON UPDATE NO ACTION
) ENGINE=InnoDB DEFAULT CHARSET=utf8 COLLATE=utf8_unicode_ci;
/*!40101 SET character_set_client = @saved_cs_client */;

--
-- Dumping data for table `user_category_fit_preference`
--

LOCK TABLES `user_category_fit_preference` WRITE;
/*!40000 ALTER TABLE `user_category_fit_preference` DISABLE KEYS */;
/*!40000 ALTER TABLE `user_category_fit_preference` ENABLE KEYS */;
UNLOCK TABLES;

--
-- Table structure for table `user_feedback`
--

DROP TABLE IF EXISTS `user_feedback`;
/*!40101 SET @saved_cs_client     = @@character_set_client */;
/*!50503 SET character_set_client = utf8mb4 */;
CREATE TABLE `user_feedback` (
  `id` int(11) NOT NULL AUTO_INCREMENT,
  `user_id` int(11) NOT NULL,
  `brand_category_id` int(11) NOT NULL,
  `size_id` int(11) NOT NULL,
  `body_part_id` int(11) NOT NULL,
  `rating_id` int(11) NOT NULL,
  `survey_id` int(11) NOT NULL,
  `created_at` timestamp NULL DEFAULT NULL,
  `updated_at` timestamp NULL DEFAULT NULL,
  `deleted_at` timestamp NULL DEFAULT NULL,
  PRIMARY KEY (`id`),
  KEY `fk_user_feedback_user_id_idx` (`user_id`),
  KEY `fk_user_feedback_body_part_id1_idx` (`body_part_id`),
  KEY `fk_user_feedback_rating_id1_idx` (`rating_id`),
  KEY `fk_user_feedback_survey_id1_idx` (`survey_id`),
  KEY `fk_user_feedback_brand_category_id1_idx` (`brand_category_id`),
  KEY `fk_user_feedback_size_id1_idx` (`size_id`),
  CONSTRAINT `fk_user_feedback_body_part_id1` FOREIGN KEY (`body_part_id`) REFERENCES `body_part` (`id`) ON DELETE NO ACTION ON UPDATE NO ACTION,
  CONSTRAINT `fk_user_feedback_brand_category_id1` FOREIGN KEY (`brand_category_id`) REFERENCES `brand_category` (`id`) ON DELETE NO ACTION ON UPDATE NO ACTION,
  CONSTRAINT `fk_user_feedback_rating_id1` FOREIGN KEY (`rating_id`) REFERENCES `rating` (`id`) ON DELETE NO ACTION ON UPDATE NO ACTION,
  CONSTRAINT `fk_user_feedback_size_id1` FOREIGN KEY (`size_id`) REFERENCES `size` (`id`) ON DELETE NO ACTION ON UPDATE NO ACTION,
  CONSTRAINT `fk_user_feedback_survey_id1` FOREIGN KEY (`survey_id`) REFERENCES `survey` (`id`) ON DELETE NO ACTION ON UPDATE NO ACTION,
  CONSTRAINT `fk_user_feedback_user_id1` FOREIGN KEY (`user_id`) REFERENCES `user` (`id`) ON DELETE NO ACTION ON UPDATE NO ACTION
) ENGINE=InnoDB DEFAULT CHARSET=utf8 COLLATE=utf8_unicode_ci;
/*!40101 SET character_set_client = @saved_cs_client */;

--
-- Dumping data for table `user_feedback`
--

LOCK TABLES `user_feedback` WRITE;
/*!40000 ALTER TABLE `user_feedback` DISABLE KEYS */;
/*!40000 ALTER TABLE `user_feedback` ENABLE KEYS */;
UNLOCK TABLES;
/*!40103 SET TIME_ZONE=@OLD_TIME_ZONE */;

/*!40101 SET SQL_MODE=@OLD_SQL_MODE */;
/*!40014 SET FOREIGN_KEY_CHECKS=@OLD_FOREIGN_KEY_CHECKS */;
/*!40014 SET UNIQUE_CHECKS=@OLD_UNIQUE_CHECKS */;
/*!40101 SET CHARACTER_SET_CLIENT=@OLD_CHARACTER_SET_CLIENT */;
/*!40101 SET CHARACTER_SET_RESULTS=@OLD_CHARACTER_SET_RESULTS */;
/*!40101 SET COLLATION_CONNECTION=@OLD_COLLATION_CONNECTION */;
/*!40111 SET SQL_NOTES=@OLD_SQL_NOTES */;

-- Dump completed on 2021-04-10 17:20:31
